"id";"name";"description";"status"
"7c7e42f3-488d-415c-b2e1-e6c5cd7be183";"name22";"description22";"in progress"
"cb323d3d-da09-414b-b584-6075d06e7b2d";"name22";"description22";"in progress"
"46a2d5da-e69f-4353-9527-1e26093795f3";"name_test";"description_test";"created"
"daf3c967-43a3-4d37-ab9a-6dce8dc29318";"name_test";"description_test";"created"
"88b268f8-2188-44e3-bb7f-a786728fdfcc";"name_test";"description_test";"created"
"9be76d74-8879-49fe-bc46-5b4933647caf";"name_test";"description_test";"created"
"c3ee60ed-3a81-43df-b4b7-1b8735bbec21";"name_test";"description_test";"created"
"7d996ce1-b011-4c04-bb5f-c7df54684c0f";"name_test";"description_test";"created"
"c8dd2717-bb86-463e-8126-08c2d32eeb51";"name_test";"description_test";"created"
"95b70cd0-8726-4144-8e8f-803511858236";"name_test";"description_test";"created"
"3d19d93e-746d-4d87-9720-ec697d147f9e";"name_test";"description_test";"created"
"a3096c51-65fc-4c77-a701-4be1b62e2893";"name_test";"description_test";"created"
"e3bb3c0b-1ab2-4c77-ba9f-3cb4aff674f4";"name_test";"description_test";"created"
"e2c5532b-093e-4405-84da-20a0f5c5a99d";"name_test";"description_test";"created"
"dc7f54d4-571a-4739-899e-018c24ccfb74";"name_test";"description_test";"created"
"e4e2e372-f33f-4036-9912-ca2ac628be35";"name_test";"description_test";"created"
"ccd479eb-783d-481c-893c-0113caf09b35";"name_test";"description_test";"created"
"e2371168-e028-4a02-bc37-2f9493db4e64";"name_test";"description_test";"created"
"533244be-d026-4ca2-a05d-7a4a3bc01dfa";"name_test";"description_test";"created"
